Kofferfabrik,yes,,Fürth,,kofferkultur@web.de
,yes,,,,
,yes,,,,
Rock at Sage,yes,,Berlin,,info@sagegroup.de
Goldmark's,yes,,Stuttgart,,info@goldmarks.de
Laboratorium,yes,,Stuttgart,,info@laboratorium-stuttgart.de
Kulturpalast,yes,,Hamburg,,info@kph-hamburg.de
7er Club,yes,,Mannheim,,info@7er-club.com
Emma 23,yes,,Heilbronn,,emma23@email.de
Don't Panic,yes,,Essen,,in+F40:J87fo@dontpanicessen.de
Paunchy Cats,yes,,Lichtenfels,,info@paunchy-cats.de
Barfly,yes,,Sonthofen,,emgor77@aol.com
Ponyhof,yes,,Frankfurt,,info@ponyhof-club.de
Matrixx,yes,,Nürnberg,,wolfgang_hanika@web.de
Kulturzentrum Merlin,yes,,Stuttgart,,info@merlinstuttgart.de
Theaterstübchen,yes,,Kassel,,markus@theaterstuebchen.de
Bluesclub Meisenfrei,yes,,Bremen,,booking@meisenfrei.de
Kultbahnhof,yes,,Gifhorn,,booking@kultbahnhof-gifhorn.de
Torburg,yes,,Köln,,kontakt@torburg.koeln
Kulturzentrum Franzis,yes,,Wetzlar,,service@franzis-wetzlar.de
Beatfabrik,yes,,Heidelberg,,
Bluesgarage,yes,,Isernhagen,,booking@bluesgarage.de
Blue Shell,yes,,Köln,,rolf.kistenich@blue-shell.de
Hirsch,yes,,Nürnberg,,booking@der-hirsch.de
,yes,,,,
Luise The Cultfactory,yes,,Nürnberg,,info@luise-cultfactory.de
Stattbahnhof,yes,,Schweinfurt,,booking@stattbahnhof.de
Juze Bad Neustadt,yes,,Bad Neustadt,,
,yes,,,,
Barrikade,yes,,Zwickau,,schockeffekt@web.de
JUZ Wiesengrund,yes,,Erlangen,,jugendhaus-er-konzerte@gmx.de
Nilles Saarbrooklyn,yes,,Saarbrücken,,frank-nilles@web.de
,yes,,,,
Classic Rock Café,yes,,Stuttgart,,info@classicrockcafe.de
Hemperium,yes,,Ulm,,booking@hemperium.de
Altes Pfandhaus,yes,,Köln,,kontakt@altes-pfandhaus.de
Club Stereo,yes,,Nürnberg,,info@club-stereo.net
Heimat,yes,,Regensburg,,info@heimat-rgb.de
Trauma,yes,,Marburg,,konzert@cafetrauma.de
KFZ Marburg,yes,,Marburg,,hoffbauer@kfz-marburg.de
Flowerpower,yes,,Leipzig,,booking@flowerpower-leipzig.de
,yes,,,,
Das Bett,yes,,Frankfurt,,info@bett-club.de
Rickenbackers Music Inn,yes,,Berlin,,booking@rickenbackers.de
Kulturrampe,yes,,Krefeld,,info@kulturrampe.de
Kesselhaus,yes,,Singwitz,,live@kesselhauslager.de
Music Star,yes,,Norderstedt,,rock-am-markt@harksheide.de
Blue Notez,yes,,Dortmund,,info@blue-notez.com
,yes,,,,
,yes,,,,
Luxor,yes,,Köln,,info@luxor-koeln.de
Molotow,yes,,Hamburg,,molotow@molotowclub.com
,yes,,,,
Village,yes,,Habach,,info@village-habach.de
Gsälzbär Die Kneipe,yes,,Ravensburg,,sauer-ulli@web.de
Katakombe,yes,,Marktheidenfeld,,katakombe@gmx.net
Traube,yes,,Durlach,,r.becker@traube-durlach.de
Muddy's Club,yes,,Weinheim,,vorstand@muddys-club.net
Die Halle e.V.,yes,,Reichenbach,,florian.pfirrmann@diehalle.de
Glashaus,yes,,Bayreuth,,rock@glashaus.org
Zeche,yes,,Bochum,,booking@zeche.com
Schraub-Bar,yes,,Bückeburg,,info@schraub-bar.de
,yes,,,,
Spitalkeller Offenburg,yes,,Offenburg,,klaus@361Grad.de
MUZ Nürnberg,yes,,Nürnberg,,aklenk@musikzentrale.com
Rosis Amüsierlokal,yes,,Dresden,,info@rosis-dresden.de
,yes,,,,
Kulturbrücken Jungbusch,yes,,Mannheim,,kulturbrueckenjungbusch@hotmail.de
Dreikönigskeller,yes,,Frankfurt,,kontakt@dreikoenigskeller.eu
Flexibel,yes,,Saarwellingen,,flexibel-saarwellingen@gmx.de
Legends-Lounge,yes,,Olching,,kontakt@legends-lounge.info
,yes,,,,
Substage,yes,,Karlsruhe,,info@substage.de
Schlachthof,yes,,Wiesbaden,,info@schlachthof-wiesbaden.de
Baron,yes,,Mainz,,info@baron-mainz.de
Das Kult,yes,,Gundersweiler,,nickel-mario@t-online.de
Maximal,yes,,Rodgau,,info@maximal-rodgau.de
,yes,,,,
Ochsen,yes,,Sinzheim,,info@ochsen-sinzheim.de
Hypothalamus,yes,,Rheine,,jscholten@hypothalamus.de
Bastion,yes,,Kirchheim unter Teck,,club-bastion@t-online.de
Musikklub am Stak,yes,,Schmölln,,roger-pr@t-online.de
Da Capo,yes,,Zella Mehlis,,muckh-da-capo@gmx.de
Karl,yes,,Heidelberg,,info@k-a-r-l.de
Mojo Club,yes,,Hamburg,,booking@mojo.de
Prachtwerk,yes,,Berlin,,booking@prachtwerkberlin.com
Freundlich + Kompetent,yes,,Hamburg,,info@freundlichundkompetent.de
,yes,,,,
Alte Mälzerei,yes,,Regensburg,,hans.krottenthaler@alte-maelzerei.de
Rock Fabrik,yes,,Ludwigsburg,,rofa@rocks.de
Kopf und Kragen,yes,,Fürth,,Sabine.Tipp@con-action.net
Universum,yes,,Stuttgart,,kontakt@universum-stuttgart.de
Disharmonie,yes,,Schweinfurt,,info@disharmonie.de
Studio 7,yes,,Berlin,,bert@studio7panketal.de
800A,yes,,Berlin,,800aberlin@gmail.com
Tante Ju,yes,,Dresden,,info@tanteju.com
Zoom,yes,,Frankfurt,,info@zoomfrankfurt.com
REX Musiktheater,yes,,Bensheim,,
Rattlesnake Saloon,yes,,München,,bruno@rattlesnake-saloon.com
Ilvers,yes,,Erfurt,,florian@ilvers.de
Museumskeller,yes,,Erfurt,,info@museumskeller.de
Quasimodo,yes,,Berlin,,info@quasimodo.de
Vischers Blues Jam,yes,,Nürnberg,,
,yes,,,,
Kasseturm,yes,,Weimar,,clubleitung@kasseturm.de
Noergelbuff,yes,,Göttingen,,booking@noergelbuff.de
Räucherei,yes,,Kiel,,booking@raeucherei.org
Charlys Musikkneipe,yes,,Oldenburg,,charly@charlys-musikkneipe.de
Spinnerei Kammgarn,yes,,Kammgarn (AT),,kammgarn@hard.at
Hot Rock Kneipe,yes,,Kiel,,hot-rock-kiel@gmx.de
Medusa,yes,,Kiel Gaarden,,medusa@gaarden.net
Studio 30,yes,,Saarbrücken,,bookings@studio-30.de
GegenüberBar,yes,,Bielefeld,,svenhoman@yahoo.de
New Sun Kulturkneipe,yes,,Bebra,,info@hiero-gastro.de
The Ranch House,yes,,Kerken,,contact@theranchhousecafe.de
Zeitgeist,yes,,Dresden,,info@derzeitgeist.de
Gaststätte zum Rühl,yes,,Oberursel,,info@zum-ruehl.de
Sam's Bistro,,,Saarbrücken,,sams@sams-bistro.de
Die Stadtmitte,yes,,Karlsruhe,,booking@die-stadtmitte.de
ClubCann,yes,,Stuttgart,,booking@clubcann.de
Kulturfrabrik Krefeld,yes,,Krefeld,,office@kulturfabrik-krefeld.de
Zosch,yes,,Berlin,,info@zosch-berlin.de
Grüner Baum,yes,,Allersberg,,kontakt@gruenerbaumallersberg.de
Kapuzinerklause,yes,,Schnaittach,,info@kroder.de
Jukuz,yes,,Aschaffenburg,,info@jukuz.de
Gaststätte Friedrichshöhe DAS Rockn Bluesrasthaus,yes,,Steinhagen,,d.luedtke@gmx.de
Haus Eifgen,yes,,Wärmelskirchen,,info@kultin-wk.de
Vaudeville,yes,,Lindau,,info@vaudeville.de
Kantine Yard Club,yes,,Köln,,booking@kantine.com
Weißes Roß Immeldorf,yes,,Lichtenau,,walterimmeldorf@gmail.com
Tante Anna,yes,,Saarbrücken,,anna-oplan@gmx.de
Vier Linden,yes,,Düsseldorf,,info@biergarten-vierlinden.de
Mosas Place,yes,,Peißenberg,,el_moritzio@hotmail.de
Cowboy & Indianer,yes,,Hamburg,,????
Barcode live,yes,,Pinneberg,,info@barcode-live.de
Chattahoochee,yes,,Hamburg,,architekt-bode@web.de
,yes,,,,
Import Export,yes,,München,,office@import-export.cc
Das Zentrum,yes,,Bayreuth,,info@das-zentrum.de
Kulturhaus Caserne,yes,,Friedrichshafen,,c-m.haydt@kulturhaus-caserne.de
Frisco Diner,yes,,Lübeck,,info@myfrisco.de
Mobile Blues Club,yes,,Hamburg,,kontakt@mobile-blues-club.de
Alte Utting,yes,,München,,info@alte-utting.de
Zakk,yes,,Düsseldorf,,info@zakk.de
Zwischen Deck und Tape,yes,,Kassel,,booking@zwischendeckundtape.de
Bluesclub Letzbuerg,yes,,,,
O Man River,yes,,Heringsdorf/Usedom,,omanriver@t-online.de
Brasserie Hermann,yes,,Greifswald,,info@brasseriehermann.de
Zimmer 16,yes,,Pankow,,zimmer16@gmail.com
Loewe,yes,,Fulda,,info@loewe-fulda.de
Rockschicht,yes,,Viersen,,info@rockschicht.de
Junction Bar,yes,,Berlin,,info@junction-bar.de
Habrocks Music & Diner,yes,,Ennigerlohe,,info@habrocks-diner.de
Kneipenbühne Oberweiling,yes,,Velburg,,profikun@kneipenbuehne.de
Die Drogerie,yes,,Neuburg a. d. Donau,,klauskoeppl@gmx.de
Raven,yes,,Straubing,,info@ali-raven.com
Galerie im Weinlager,yes,,Nürnberg,,walter19541@hotmail.de
,yes,,,,
,yes,,,,
Badehaus Szimpla,yes,,Berlin,,booking@badehaus-berlin.com
Yuca,,,Köln,,info@cbe-cologne.de
Lux,yes,,Hannover,,info@lux-linden.de
Nochtspeicher,yes,,Hamburg,,booking@nochtspeicher.de
Groovestation,yes,,Dresden,,info@groovestation.de
Naumanns Felsenkeller,yes,,Leipzig,,info@felsenkeller-leipzig.com
Kulturclub schon schön,yes,,Mainz,,booking@schon-schoen.de
Die Schmidd,yes,,St. Ingbert,,info@schmidd.de
Grüner Baum,yes,,Dessau,,info@gruenerbaum-dessau.de
Engelsburg,yes,,Erfurt,,info@engelsburg.club
Dschungel,yes,,Volkach,,
Junkyard,yes,,Dortmund,,mail@junkyard.ruhr
Strohalm,yes,,Erlangen,,kulturbuehne@outlook.de
Route 66 Flingern,yes,,Düsseldorf,,route66-flingern@gmx.de
Brandys Braugarage,yes,,Wallersdorf,,info@brandys-braugarage.de
The Tube,yes,,Düsseldorf,,info@the-tube-club.com
Bistro Kontext,yes,,Wiesbaden,,info@kontext-wiesbaden.de
Red River,yes,,Heilbronn,,andy@musikkneipe-redriver.de
Club W71,yes,,Weikersheim,,noba@gmx.de
Werkhof Kulturzentrum,yes,,Hagen,,info@werkhof-kulturzentrum.de
Treibsand Lübeck,yes,,Lübeck,,info@treibsand.net
Zauberberg,yes,,Passau,,booking@zauberberg-passau.com
,yes,,,,
Blues Club Chiemgau,yes,,Bernau,,bluesclubchiemgau@googlemail.com
KISH Liveszene,yes,,Postbauer Heng,,booking@kish-live.de
Spreewilder Bühne,yes,,,,info@spreewilder.de
Vortex Surfer,yes,,Siegen,,info@vortex-surfer.de
Harmonie,yes,,Bonn,,info@harmonie-bonn.de
Zoom Eulenspiegel,yes,,Bad Kissingen,,info@zoom-eulenspiegel.de
L.A. Café,yes,,Cham,,info@la-cham.de
Backstage,yes,,München,,mail@backstage.eu
Kesselhaus,yes,,Berlin,,mueller@kesselhaus-berlin.de
Tank-Stelle,yes,,Dormagen,,info@tank-stelle.de
Im Wizemann,yes,,Stuttgart,,info@imwizemann.de
Downtown Blues Club,yes,,Hamburg,,kontakt@landhauswalter.de
Fritz Hensler Haus,yes,,Dortmund,,dkottnik@stadtdo.de
Kulturtransport,yes,,Frelsdorf,,info@kulturtransport.de
Prinzenbar,yes,,Hamburg,,info@docks.de
,yes,,,,
Katy's Garage,yes,,Dresden,,???
Amorsaal,yes,,Mühlsen,,amorsaal@gmx.de
,,,,,
Columbia Theater,yes,,Berlin,,info@columbia-theater.de
Kulturbastion,yes,,Torgau,,booking@kulturbastion.de
,,,,,
,,,,,
Vischers Blues Jam,yes,,Nürnberg,,vorstand_vischers@gmx.de
,,,,,
Alte Scheune,yes,,Zirndorf,,jugendhaus@zirndorf.de
ZAZIBar,yes,,Salzburg,,info@zazibar.at
Bluegarage,yes,,Frauental,,bluegarage@aon.at
Kino Blankenberg,yes,,Blankenberg,,booking@kino-blankenberg.de
Arno's,yes,,Haiger,,info@arnos-event.de
,,,,,
Route 66,yes,,Hildburghausen,,route66-gottwald@web.de
Piano Livemusiclocation,yes,,Sömmerda,,eastsidepromotion@t-online.de (Wilfried Woigk)
Schorschl Kleinkunstkneipe,yes,,Eisenach,,newsletter@schorschl.de
Steinbruch,yes,,Duisburg,,kontakt@steinbruch-duisburg.de
,,,,,
,,,,,
Logo,yes,,Hamburg,,chris@logohamburg.de
Kleine Freiheit,yes,,Osnabrück,,info@zukunfts-musik.de
Kultopia,yes,,Hagen,,booking@kultopia.de
Kulturbahnhof,yes,,Jena,,antje@cosmic-dawn.de
Mörtelwerk,yes,,Leipzig,,event@moertelwerk.de
Der Cult,yes,,Nürnberg,,info@der-cult.de
Kolbenhalle,ERROR,,Mannheim,,https://www.msconnexion.com/kontakt.html
Lindenbrauerei,yes,,Unna,,musik@lindenbrauerei.de
Riff,yes,,Bochum,,info@riff-bochum.de
Packhalle,yes,,Sögel,,info@packhalle.com
Kulturkneipe Gleis 1,yes,,Waldenburg,,hans.a.graef@t-online.de
Jellyfish,yes,,Innsbruck,,jellyfish-innsbruck@gmx.at
Cafe Carina,yes,,Wien,,mail@cafe-carina.at
Kulturbahnhof,yes,,Donaueschingen,,zipfel139@googlemail.com
Astra Stube,yes,,Hamburg,,daniel@kuntergrau.com
Rock Center Bremerhaven,yes,,Bremerhaven,,booking@rock-center-bremerhaven.de
Asta Rosenheim,yes,,Rosenheim,,kontakt@astakneipe.de
Horst Klub,yes,,Kreuzlingen,,willkommen@horstklub.ch
Zehntscheuer Ravensburg,yes,,Ravensburg,,info@zehntscheuer-rv.de
Arena,yes,,Wien,,arena@arena.co.at
Weekender,yes,,Innsbruck,,booking@weekenderclub.net
Musikbunker,yes,,Aachen,,info@musikbunker-aachen.de
Kulturfabrik,yes,,Kufstein,,booking@kufa.at
MTC Club,yes,,Köln,,mtcclub@netcologne.de
Spectrum Club,yes,,Augsburg,,info@spectrum-club.de
Musikkneipe Flower Power,yes,,Magdeburg,,magdeburg@musikkneipen.info
Kulturzentrum Gleis 4,yes,,Frankenthal,,mail@kuz-gleis4.de
Mühle Hunziken,yes,,Rubingen,,booking@muehlehunziken.ch
Zeughauskultur,yes,,Brig Glis,,info@zeughauskultur.ch
Treppenhaus,yes,,Rorschach,,booking@treppenhaus.ch
Hall of Fame,yes,,Wetzikon,,booking@halloffame.swiss
Sudhaus,yes,,Tübingen,,mail@sudhaus-tuebingen.de
Rainbow,yes,,Immenstadt,,rainbow.livekultur@gmail.com
Abdera,yes,,Biberach,,info@abdera-bc.de
Exil,yes,,Göttingen,,booking@exil-web.de
Cadillac,yes,,Oldenburg,,cadillac@stadt-oldenburg.de
Pitcher,yes,,Düsseldorf,,info@pitcher29.com
Rider's Café,yes,,Lübeck,,info@riders-cafe.de
Music Hall,yes,,Worpswede,,info@musichall-worpswede.de
Bastard Club,yes,,Osnabrück,,info@bastardclub.de
Live Music Hall,yes,,Weiher,,veranstaltung@mosh-keller.de
Hellraiser,yes,,Leipzig,,office@hellraiser-leipzig.de
Riffelhof,yes,,Burgrieden,,info@riffelhof.de
Lemmys Bar,yes,,Bad Friedrichshall,,office@lemmy-s.de
Frape,yes,,,,frape-aalen@gmx.de
VAZ Pfarrheim,yes,,Burglengenfeld,,at@power-concerts.de
Kulturwerk118,yes,,Sursee,,praesident@kulturwerk118.ch
Dynamo,yes,,Zürich,,info@dynamo.ch
Jans Garage in Concert,yes,,Eutin,,info@jansgarageinconcert.de
Komma,yes,,Wörgl,,booking@komma.at
Kulturzentrum Lagerhaus,yes,,Bremen,,kioto@kulturzentrum-lagerhaus.de
Regenbogen,yes,,Hameln,,regenbogen@hameln.de
Kellerklub,yes,,Stuttgart,,booking@kellerclub.com
Nachtleben,yes,,Frankfurt,,cafe@nachtlebenffm.de
Heimathaus,yes,,Twist,,daniel@heimathaus-twist.com
Rockhouse,yes,,Salzburg,,booking@rockhouse.at
Conrad Sohm,yes,,Dornbirn,,office@conradsohm.com
Kulturverein Ebensee,yes,,Ebensee,,culture@kino-ebensee.at
Der Speicher,yes,,Schwerin,,speicher-schwerin@web.de
Resonanzwerk,yes,,Oberhausen,,info@resonanzwerk.de
Kiste,yes,,Berlin,,info@kiste.net
Zwischenbau,yes,,Rostock,,booking@zwischenbau.com
KL 17,yes,,Döbeln,,info@kl17.de
Eddy's Rockclub,yes,,München,,info@eddys-rock-club.de
Brotfabrik,yes,,Frankfurt,,kontakt@brotfabrik.de
The Big Emma,yes,,Ramstein,,team@bigemma.info
,,,,,
Bundtschuh,yes,,Münnerstadt,,bundt-schu@gmx.de
Mata Hari Bar,yes,,Nürnberg,,bands@mataharibar.de
Blueshaus,ERROR,,Bad Soden,,https://www.blueshaus-bad-soden.org/kontakt/
Artfarm,yes,,Wiehl,,info@art-farm.de
Bootshaus,yes,,Marbach,,info@bootshaus-marbach.de
Schloßcafe,yes,,Tübingen,,julehopf@gmx.de
Hafen 7,yes,,Kitzingen,,smarcks2007@web.de
Schlüsselloch,yes,,Aachen,,herbert@schluesselloch-ac.de
,,,,,
Kulturfabrik Kofmehl,yes,,Soloturn,,booking@kofmehl.net
Alter Schlachthof,yes,,Eupen,,info@alter-schlachthof.be
Kulturzentrum Faust,yes,,Hannover,,booking@kulturzentrum-faust.de
Movie,yes,,Bielefeld,,anfrage@movie-bielefeld.de
Moritzbastei,yes,,Leipzig,,info@moritzbastei.de
Gutmann,yes,,Nürnberg,,info@gutmann-am-dutzendteich.de
Kammgarn,yes,,Kaiserslautern,,Richard.Mueller@Kaiserslautern.de
Frannz,yes,,Berlin,,info@frannz.de
Arber Wirtschaft,ERROR,,Regensburg,,
Kaminwerk,yes,,Memmingen,,info@kaminwerk.de
Ampere,yes,,München,,info@muffatwerk.de
7 Eichen,yes,,Affalterbach,,bernd.feinauer@web.de
Barrique,ERROR,,Merzig,,
Roadhouse,ERROR,,Schöllkrippen,,https://www.facebook.com/pg/RoadhouseDartRockBar/about/?ref=page_internal
Alte Wache,yes,,Bingen am Rhein,,info@altewache.org
Basement Burgerhaus,yes,,Ingelheim,,Basement.burger@gmail.com
Ludwigs,yes,,Friedrichsdorf,,info@ludwigs-restaurant-bar.de
Schuhbauers,yes,,Kirchdorf,,info@schuhbauers.de
Alabama Bar,ERROR,,Frammersbach,,
Mampf,yes,,Frankfurt,,mischi@mampf-jazz.de
Mühlenrock,yes,,Simmertal,,contact@muehlenrock.de
Tandem,ERROR,,Wolnzach,,
Main Street Cafe,ERROR,,Dettelbach,,
Kulturbahnhof,ERROR,,Mittelsinn,,
Contra'N,yes,,Mannheim,,mails@contra-n.de
PEP Kulturverein,yes,,Kellinghusen,,vorstand@pep-kulturverein.de
,,,,,
Oberstübchen,yes,,Regen,,oberstuebchen.regen@gmail.com
Geschichtliches Museum,yes,,St. Valentin,,office@valentinmuseum.at
Cafe Parapluie,yes,,Weiden i.d.O.,,parapluie.wen@gmail.com
Kulturbühne Hinterhalt,yes,,Geretsried,,info@hinterhalt.de
Musikklub 14/1,yes,,Pfaffenhofen,,info@musikklub-14eins.de
Jazz Studio,yes,,Nürnberg,,booking@jazzstudio.de
Zum Hirschen,yes,,Königsstein,,hirschen-koenigstein@t-online.de
Kesselhauslager,yes,,Singwitz,,live@kesselhauslager.de
,,,,,
Evis Auszeit,yes,,Schwabach,,evisauszeit@gmail.com
Matrix,yes,,Königsbrunn,,Veranstaltung@dieMatriX.de
Markt 17 music hall,yes,,Hückelhoven,,info@markt17.eu
Kleinskunstbühne Meinerzhagen,yes,,Meinerzhagen,,info@tus-meinerzhagen.de
Kultur in Brunn,yes,,Nürnberg-Brunn,,info@sv-brunn.net
Brandner Kaspar,yes,,Aichach,,brandner-kaspar@web.de
Old Hamburg,ERROR,,Rottenburg,,
Mehlsack,yes,,Emmendingen,,salmanbilmec@web.de
Schmiede,yes,,Geisingen,,schmiede-geisingen@web.de
Freiburger Blue Association,yes,,Freiburg,,info@f-b-a.org
Bellini Bar,yes,,Weesen,,Barbara.Wojak@bluewin.ch
Markgraf,ERROR,,Schwabach,,
Heppel-Ettlich,yes,,München,,info@heppel-ettlich.de
Papalapap,yes,,München,,papalapap-eh@gmx.de
Gorilla Bar,yes,,München,,info@bargorilla.de
,,,,,
Richels,yes,,München,,wirtshaus-richels@t-online.de
Metrodrom,ERROR,,Schwabach,,
,,,,,
Traffic Bar,,,München,,info@traffic-bar.de
Hide Out,,,München,,contact@bangbangconcerts.de
et cetera,,,Freising,,kontakt@etcetera-freising.de
Kulturkeller Westend,,,München,,info@kulturkeller.com
Cafe Hinkofer,,,Viechtach,,postfach@cafe-hinkofer.de
Zum Hinterhof Zache,,,Wartenberg,,zache@online.de
,,,,,
Bernds Bienenstock,,,München,,bernd.jung@email.de
Grüner Salon,,,Peiting,,post@gruener-salon-peiting.de
Jimmys Cafe,,,Altdorf,,kontakt@jimmys-cafe.de
Cafe Museum,,,Passau,,music@cafe-museum.de
Lucy's Sportsbar,,,Gernlinden,,r.manglitz@web.de
Omnibus,,,Gefrees,,info@kulturbus.de
Weyhalla,,,Weyarn,,girgl@weyhalla.de
,,,,,
Cafe suedseite,,,Hofheim,,info@spielgolf-suedseite.de
Wirtshaus zur Bums'n,,,Schärding,,wirtshaus@bumsn.at
,,,,,
Waldstraße 4,,,Huglfing,,waldstrasse4@web.de
Trödler,,,Habach,,troedler-habach@web.de
The Irish Times,,,Lauf a.d. P.,,noel@theirishtimes.de
Milos München,,,München,,info@milos-muenchen.de
Galerie Gaswerk,,,Schwabach,,h.kehrbach@kehrbach.de
Lichtspielhaus,,,Schwabach,,lichtspielhaus-schwabach@web.de
Zum Schouhh,,,Dietfurt,,cafe@zum-schouhh.de
Gasthaus,,,Bad Tölz,,info@gasthaus-toelz.de
Stragula,,,München,,info@stragula.org
K4,,,Nürnberg,,info@musikverein-concerts.de
Pelkovenschlössl,,,München,,info@pelkovenschloessl.de
,,,,,
Cafe Max,,,Ansbach,,info@kammer-events.de
Zur Wurzn,,,Vilshofen,,info@wurzn.de
Aschbergschänke,,,Klingenthal,,info@aschbergschaenke.de
Pängel Anton,,,Ennigerlohe,,info@paengel-anton.de
Gaststätte Meier,,,Lippetal,,joshy@gaststaette-meier.de
Konzerthaus Blaibach,,,Blaibach,,info@kulturgranit.de
Goldene Krone,,,Darmstadt,,live@goldene-krone.de
Kreuzwirtskeller,,,Hilpholtstein,,anfragen@kreuzwirtskeller.de
Schrottgalerie,,,Glonn,,info@schrottgaleriefriedel.de
Ruffini,,,München,,ruffini@ruffini.de
Altes Kino,,,St. Florian,,altes.kino@aon.at
Osteria Baal,,,München,,info@osteria-baal.de
Alter Bahnhof,,,Steinebach,,info@alter-bahnhof-steinebach.de
Jeanys Live Music Pub,,,Fürstenfeldbruck,,booking-centralcafe-ffb@gmx.de
Kleinskunstbühne,,,Laufen,,stefan.feiler@stadtlaufen.de
Kunstraum Uschi Heubeck,,,Kammerstein,,uschi.heubeck@web.de
Felsenkeller,,,Schwandorf,,felsenkeller@schwandorf.de
Kunstcafe am Tor,,,Rottenbuch,,info@kunstcafe-rottenbuch.de
Ars Musica,,,München,,mail@ars-musica-muenchen.de
Theater rote Bühne,,,Nürnberg,,info@rote-buehne.de
Forum Phoinix,,,Bayreuth,,info@forumphoinix.de
Bahnwärter Thiel,,,München,,info@bahnwaerterthiel.de
Kleines Theater,,,Haar,,info@kleinestheaterhaar.de
Ebene 3,,,Heilbronn,,info@ebene-3.de
Morizz,,,Cham,,helmut.siebenhandl@gmail.com
KUNO,,,Nürnberg,,mohr@kultur-nord.org
,,,,,
Arsch & Friedrich,,,Nürnberg,,aundf@posteo.de
Schiff Freiburg,,,Freiburg,,info@freiburgerschiff.de
Hinz und Kunz,,,Herrenberg,,
ChaBah,,,Kandern,,harald@chabah.de
8Bar,,,Basel,,mail@8-bar.eu
Alte Post,,,Langwies,,post@altepostlangwies.ch
Cafe Bar Herzog,,,Zorneding,,anfrage@cafe-bar-herzog.de
Mariandl,,,München,,office@mariandl.com
Qyotee,,,Maisach,,https://www.facebook.com/michael.wenhart?__tn__=K-R&eid=ARAA4OKWFpS3aP1sW4CpLEXeT241TxPYWbDB-xqJGCQ1T080Utqzhny8hSOGfY6PETlHpqZP6eSoavsL&fref=mentions&__xts__[0]=68.ARBwROpJ1D6jIgC9EFCg2FrtiKde1E5YsZBEDbKeA0CDxNerd6URSkLc2z1meWNYz-A8PGMgDWZs2a5RfOBlh6EUJY3VW0lF_jJti-FQ3HOvsrN3N4IhYaiijmEQ2KOuCOLkoGz0m2y0NnNhSJEKcYj0YRe9c0EAvUW3hppCaY0Y5USOv9GHZXs_hmAPDXp_n8IkMWzEGtvZBfaNuJznoVrFHohV59jfHJHggwkMpCP2TtC9oYrud1gUcLtzkCJvQAb5maTEvez4CPty6oklI580klsgaZAB_HM_MOnGCZ5mq3iIL4GT2p1UZeR1c3yQeEnL3krIVpoiU_yJBYLNIS1i4A
Martha Cafe,,,Nürnberg,,info@marthacafe.de
Kulturbar Impuls,,,Weingarten,,kulturbarimpuls@gmx.de
Speckdrumm,,,Ansbach,,burkhard.baumann​ (at) ​onlinehome.de
Hafner Wirtshaus,,,Perlesreut,,mortl@hafner-wirtshaus.de
,,,,,
,,,,,
Galerie b11,,,Salzburg,,info@jazzwe.net
,,,,,
Eremitage,,,Schwaz,,info@eremitage.at
,,,,,
TASK,,,Hameln,,info@hafenverein.de
Cafe Duu,,,Flein,,jensdrauz@web.de
Bachfeldhaus,,,Attenkirchen,,info@bachfeldhaus.de
Kiosk am Schwaigsee,,,Rottenbuch,,
,,,,,
Querbeet,,,Lemgo,,info@querbeet-lemgo.de
The Corner House,,,Moosburg,,happy@thecornerhouse.de
Ladenbergen,,,Bergen,,dandyandy@web.de
Spinnrad,,,Berlin,,info@spinnrad-berlin.de
Kulturkeller,,,Wächtersbach,,maerzwind.kultur@e.mail.de
Vesper + Bier,,,Reutlingen,,info@mezcalitos.de
S&P,,,Rottenburg,,sp.schaenzle@gmail.com
,,,,,
Kult 9,,,München,,info@kult9.de
,,,,,
Cafe Art Königsfeld,,,Königsfeld,,07725 / 8099444
Cafe Roland,,,Pforzheim,,caferoland@gmx.de
Kammerspiele,,,Ansbach,,info@kammerspiele.com
Galerie Fango,,,Cottbus,,info@fango.org
Grammophon,,,Kolbermoor,,info@bistro-grammophon.de
,,,,,
,,,,,
,,,,,
,,,,,
Sargfabrik,,,Wien,,lukas.handle@sargfabrik.at
Sputnik Rockcafe,,,Linz,,sputniklinz@gmail.com
Reigen Live,,,Wien,,kulturverein@reigen.at
Music House,,,Graz,,musichousegraz@gmail.com
Alte Filzfabrik,,,Hof,,info@kultur-filz.de
Tabakfabrik,,,Passau,,tabakfabrik@googlemail.com
Kafe Kult,,,München,,kafekult@gmail.com
8below,,,München,,https://8belowbergfest.com/anfragen
,,,,,
bei Adam,,,Coburg,,https://www.facebook.com/beiAdamCoburg/
Ballonfabrik,,,Augsburg,,info@ballonfabrik.org
Projekt31,,,Nürnberg,,http://www.projekt31.org/?q=contact
Wasserhaus,,,Hammelburg,,www.musikini.de
Juze,,,Erlangen,,jugendhaus-er@riseup.net
Hexenhaus,,,Ulm,,goodoldshit@hexenhaus-metal.de
Hängematte,,,Sulzbach-Rosenberg,,post@hängematte.rocks
AK44,,,Gießen,,ak44-shows@gmx.de
Oetinger Villa,,,Darmstadt,,info@oetingervilla.de
Irish Pub,,,Aschaffenburg,,info@IrishPubAschaffenburg.de
Old Smuggler,,,Seligenstadt,,https://www.oldsmuggler-seligenstadt.com/booking
Schlosskeller Windecken,,,Nidderau,,http://schlosskeller-windecken.de/bandanfrage/
Hesseneck,,,Frankfurt,,hesseneck@wonko42.de
Gully,,,Aschaffenburg,,wirimgully@web.de
Jugendhaus Schatoh,,,Ilmenau,,schatoh@gmx.de
Klanggerüst,,,Erfurt,,booking@klanggeruest.de
Jugendhaus West,,,Stuttgart,,konzerte-west@jugendhaus.net
JUZ Mannheim,,,Mannheim,,konzertanfrage@juz-mannheim.de
p8,,,Karlsruhe,,https://www.p-acht.org/contact_form/
Komma,,,Esslingen,,booking@komma.info
,,,,,
Rocklegende,,,Bad Mergentheim,,info@rocklegende-mgh.com
Klaue,,,Braunschweig,,klauebar@gmail.com
Theaterkeller,,,Göttingen,,theaterkeller-konzertgruppe@gmx.de
Kulturbahnhof,,,Uslar,,info@kulturbahnhof-uslar.de
AJK,,,Bad Kreuznach,,booking@AJK-Kulturzentrum.de
Pooca Bar,,,Hamburg,,marc@pooca-bar.com
Reil78,,,Halle,,reil78@yahoo.de
Atari,,,Leipzig,,concert@bildet-laeden.de
Basta Club,,,Görlitz,,booking@basta-club.net
Aaltra Chemitz,,,Chemnitz,,info@aaltra-chemnitz.de
Cassiopeia,,,Berlin,,https://cassiopeia-berlin.de/kontakt/
Zukunft,,,Berlin,,konzerte@zukunft-ostkreuz.de
xb-liebig,,,Berlin,,xb@riseup.net
Chekov,,,Cottbus,,chekov.cottbus@googlemail.com
Ernst Kirchweger Haus,,,Wien,,ekhaus@med-user.net
Musikkombinat,,,Magdeburg,,kontakt@musikkombinat.de
Cafe Wagner,,,Jena,,cafewagner@gmx.de
,,,,,
Speiches Blues und Rockkneipe,,,Berlin,,garbatyteam@web.de
Zur Pferdetränke,,,Krummin,,info@pferdetraenke-krummin.de
John Barnett,,,Potsdam,,john-barnett@web.de
Shamrock Irish Pub,,,Ingolstadt,,info@shamrockin.de
Bernies Bluesbar,,,St Goarshausen,,Bernhard.Schiffmann@gmx.com
,,,,,
Yorkschlösschen,,,Berlin,,info@yorckschloesschen.de
Geyerwally,,,München,,geyerwally@zierers.de
Gestern,,,Sulzbach-Rosenberg,,lebegern47@freenet.de
Murphy's,,,Ottobrunn,,matinmoja@gmail.com
Schorschbar,,,München,,info@schorschbar.de
Feuchters Essen und Kultur,,,Schrozberg,,Fam-Feuchter@t-online.de
Kulturcafe M,,,Dohna,,ChristophMitschke@gmx.net
Körners Stübchen,,,Dortmund,,thomas@marzinek.de
Stereo Music Bar,,,Bad Staffelstein,,stereomusicbar@gmx.de
Shelter Music Pub,,,Bad Tölz,,contact@sheltermusic.pub
Notenschlüssel,,,Leverkusen,,info@notenschluessel-lev.de
Spieker,,,Kiel,,spieker@mailbox.org
The Shakespeare,,,Herdecke,,info@the-shakespeare.pub
Irish Pub,,,Haslach,,irishpubhaslach@gmail.com
Mittendrin,,,Bruckmühl,,info@mittendrin-bruckmuehl.de
Amici Bar,,,Ettenheim,,
Blues Bar Restaurant,,,Freiburg,,info@blues-bar-restaurant.de
Reesegarden,,,Augsburg,,mail@thorbraeu.de
Buena Ressa,,,Rees,,kontakt@buenaressa.de
Kilians Pub,,,München,,kilians@pdpf.de
Bar Alisa,,,Geisenfeld,,kontakt@bar-alisa.de
Alte Kaffeerösterei,,,Lünen,,alte.kaffeeroesterei.luenen@gmail.com
,,,,,
Jazzclub Armer Konrad,,,Weinstadt,,jakpoint@jak-weinstadt.de
Hirsch,,,Metzingen,,info@zbglems.de
franz.K,,,Reutlingen,,info@franzk.net
Zum fröhlichen Nix,,,Blaubeuren,,jetzt@zumnix.de
Ziegelhütte,,,Neibsheim,,ziegelhuette.neibsheim@gmail.com
Dos Amigos,,,Oberbuchsiten,,mail@dosamigos.ch
Reuterstüble,,,Leibertingen,,
Rockcafe Ringkeller,,,Zwickau,,
Ratskeller,,,Hainichen,,kuenstler@kneipe-eigenartig.de
All die Kunst,,,Velbert-Langenberg,,info@alldiekunst.com
S'Gwölb,,,Winterthur,,info@sgwoelb.ch
Cafe Art,,,Walldorf,,cafeart@t-online.de
Havana,,,Karlsruhe,,
Bierfabrik,,,Pockau-Lengenfeld,,info@bierfabrik-erzgebirge.de#
Dorfschänke,,,Karlsruhe,,info@dorfschaenke-ka.de
Landhuus,,,Oberuzwil,,jose@landhuus-music-bar.ch
Crossroads,,,Stutensee,,evacrossroads@gmail.com
,,,,,
Brauhaus Sternen,,,Hambrücken,,#ERROR!
Jubez,,,Karlsruhe,,j.weber@stja.de
Blaues Haus,,,Bolanden,,ruley@web.de
Blues,,,Rhede,,info@blues-rhede.de
,,,,,
Wespennest,,,Neustadt a.d.W.,,info@kulturverein-wespennest.de
Alt Werdohl,,,Werdohl,,markus@alt-werdohl.de
Zum Adler,,,Weisenheim,,peter@adler-weisenheim.de
Holzwurm,,,Philippsburg,,info@Holzwurm-DieKneipe.de
Schloßscheune,,,Fußgönheim,,andreas.sprinzl@gmx.de
s'Milchhaisl,,,Graben-Neudorf,,#ERROR!
Gehring's Kommode,,,Mannheim,,info@nekk99.de
Crazy Lion,,,Achern,,kontakt@crazy-lion.de
Musikkneipe Adler,,,Stutensee-Spöck,,07249/951511
Tonellis,,,Leipzig,,info@tonellis.de
Haus am Klein-Erzgebirge,,,Oederan,,info@klein-erzgebirge.de
Steffis Klause,,,Heidelberg,,#ERROR!
Cave54,,,Heidelberg,,info@cave54.de
Vigo,,,Sasbach,,heikekathleen66@gmail.com
Zur alten Post,,,Wegberg,,freddys-post@gmx.de
Groove Club,,,Rheinau,,info@grooveclub.ch
Cord Club,,,München,,info@cord.tv
Feierwerk,,,München,,booking@feierwerk.de
Bar Gabanyi,,,München,,mail@bar-gabanyi.de
,,,,,
Kantine,,,Augsburg,,info@musikkantine.de
Weberknecht,,,Wien,,booking@weberknecht.net
Freiraum Übersee,,,Übersee,,info@freiraum-uebersee.de
Gasthaus zum Bräu,,,Garching,,hans@luckymanconcerts.de
Roundhouse Kaufbeuren,,,Kaufbeuren,,info@roundhouse.de
Mojo Music Club,,,Kleinstaasdorf,,
Jugend und Kulturzentrum Explosiv,,,Graz,,booking@explosiv.at
Industrie 45,,,Zug,,contact@i45.ch
Alte Kaserne,,,Landshut,,martin.mezger@landshut.de
Cafe Lounge Festung,,,Traunstein,,info@cafe-festung.de
Bogaloo,,,Pfarrkirchen,,jo@bogaloo.de
Salute,,,Weiden i.d.O.,,info@salute-club.de
Sonic,,,Erding,,info@sonic-erding.de
Centralstation,,,Darmstadt,,Meike.Heinigk@centralstation-darmstadt.de
Pfarrscheune Schenkenberg,,,Schenkenberg,,
Cafe Forster,,,Schondorf,,ernst-cafe-forster@chefmail.de
Cafe Central,,,Weinheim,,booking@cafecentral.de
Schaffnerlos,,,Waldershof,,schaffner@schaffnerlos.de
B72,,,Wien,,https://www.b72.at/booking-and-tech
Doubles Starclub,,,Donauwörth,,double@doublesweb.de
Tunnel Vienna Live,,,Wien,,events@tunnel-vienna-live.at
Szene,,,Wien,,office@szenewien.com
Louisiana Blues Pub,,,Wien,,
Cafe Falk,,,Wien,,cafefalk@cafefalk.at
Cafe Amadeus,,,Wien,,
Saloon Donauplex,,,Wien,,office@saloon.at
Club 1019,,,Wien,,office@1019jazzclub.at
Schutzhaus Zukunft,,,Wien,,schutzhaus.zukunft@aon.at
Kulisse Wien,,,Wien,,office@kulisse.at
Hafenklang,,,Hamburg,,https://www.hafenklang.com/kontakt-anfahrt.html
Musigburg,,,Aarburg,,info@musigburg.ch
Rare Guitar,,,Münster,,booking@rareguitar.de
Golden Nugget,,,Nürnberg,,wolfgang_hanika@web.de
Alte Brauerei,,,Annaberg-Bucholz,,booking@altebrauerei-annaberg.de
Kulturpalast Linden,,,Hannover,,Kulturpalast@googlemail.com
,,,,,
7180 Bar,,,Crailsheim,,oralmuell@yahoo.de
Kulturschock,,,Lauda-Königshofen,,info@kulturschock-koenigshofen.de
Blues Corner,,,Lohr,,bluescorner-thea@web.de
,,,,,
Cafe Beans,,,Langen,,booking@cafebeans.de
Stilbruch,,,Bamberg,,info@stilbruch-bamberg.de
Bistro Billiard Cafe Carambolage,,,Klingenberg,,info@carambolage.info
Bahnhof Würzbach,,,Würzbach,,steffiwolter@gmx.net
Cafe Projekt Eins,,,Jossgrund,,
Last Orders Pub,,,Neubrandenburg,,webmaster@lastorders-pub.de
BrownSugar Rockcafe,,,Nürnberg,,rockcafe-brownsugar@arcor.de
Dudelsack,,,Bad Kreuznach,,info@dudelsack-bk.de
Heiligenmühle,,,Erfurt,,j-naue@heiligenmuehle.de
,,,,,
,,,,,
,,,,,
Brückenkopf,,,Hanau,,info@brueckenkopf-hanau.de
Spessarttor,,,Hain im Spessart,,mail@spessarttor.com
Liesl,,,Karlstadt,,info@liesl-karlstadt.com
Tafelhalle,,,Nürnberg,,https://www.nuernberg.de/global/ajax_kontaktformular.html?cfid=71481
Loophole,,,Berlin,,lh@loophole-berlin.com
SO36,,,Berlin,,anita@so36.de
Urban Spree,,,Berlin,,booking@urbanspree.com
Sandmann,,,Berlin,,info@sandmann-berlin.de
A Trane,,,Berlin,,info@a-trane.de
Jazzkeller 69,,,Berlin,,info@jazzkeller69.de
B Flat,,,Berlin,,mail@b-flat-berlin.de
Blues Garage Berlin,,,Berlin,,(030) 779 09 335
Soulcat,,,Berlin,,soulcatberlin@gmail.com
Kunstfabrik Schlot,,,Berlin,,info@kunstfabrik-schlot.de
,,,,,
Zig Zag Jazz Club,,,Berlin,,zigzagjazzclub@gmail.com
Jazz Cafe Berlin,,,Berlin,,info@jazzcafeberlin.de
E&M Leydecke,,,Berlin,,030 / 216 29 73
,,,,,
Cafe Fincan,,,Berlin,,konzerte@fincan.eu
Cafe Bar Südwest,,,Berlin,,chrisdosedla@gmail.com
Die kleine Weltlaterne,,,Berlin,,kleine.weltlaterne@berlin.de
Wild at Heart,,,Berlin,,info@wildatheartberlin.de
Terzo Mondo,,,Berlin,,info@terzomondo.de
Privatclub,,,Berlin,,info@privatclub-berlin.de
Peppi Guggenheim,,,Berlin,,booking@peppi-guggenheim.de
Panke,,,Berlin,,lize@pankeculture.com
Madame Claude,,,Berlin,,mme.claude.booking@gmail.com
Lagari,,,Berlin,,lagari@web.de
Im Fahrradkeller,,,Berlin,,webcontact2@im-fahrradkeller.de
Dodo Club,,,Berlin,,rolf@dodo-berlin.de
Culture Container,,,Berlin,,booking@culture-container.com
Cafe Tasso,,,Berlin,,info@cafe-tasso.de
Bar BoBu,,,Berlin,,info@butterhandlung.de
Gaststätte Stock,,,Hagen,,#ERROR!
Balou,,,Osnabrück,,info@balou-os.de
Cafe Glocksee,,,Hannover,,mail@cafe-glocksee.de
Red Horn District,,,Horn-Bad Meinberg,,joerg@redhorndistrict.de
Lagerhalle,,,Osnabrück,,lagerhalle@osnanet.de
Nienburger Kulturwerk,,,Nienburg,,m.buehrmann@nienburger-kulturwerk.de
Jazzclub Hannover,,,Hannover,,https://www.jazz-club.de/index.php/kontakt
Filou - Die Kneipe,,,Wunstorf,,tim@filou-die-kneipe.de
Kulturhaus Kalle,,,Garbsen,,andrea.roppelt@garbsen.de
Kuriosum,,,Hannover,,czerwinski@kuriosum.com
Barnaby's Blues Bar,,,Braunschweig,,info@barnabys-bs.de
Sumpfblume,,,Hameln,,info@sumpfblume.de
ASB-Bahnhof Barsinghausen,,,Barsinghausen,,info@asb-hannoverland-shg.de
,,,,,
Bronco's,,,Hannover,,info@and-me-events.de
Clubhaus 06,,,Hannover,,info@clubhaus06.de
DRK-Kaufbar,,,Braunschweig,,event@drk-kaufbar.de
Feinkost Lampe,,,Hannover,,feinkostlampe@feinkostlampe.de
Frosch,,,Hannover,,bands@frosch-hannover.de
Gaststätte Schaper,,,Lehrte,,klaus.schaper@t-online.de
Herzblut Bar,,,Mellendorf,,info@herzblut-bar.de
Jever Klause,,,Salzgitter,,#ERROR!
Kunst & Bühne,,,Celle,,info@kunstundbuehne.de
K3 - Die Kneipe,,,Hameln,,info@k3-hamelnl.de
Kesselhaus,,,Lauenau,,tommiritter@gmx.de
Krass Unartig,,,Hannover,,vakid@gmx.net
Litteranova,,,Hildesheim,,kontakt@litteranova.de
Mariechen,,,Springe,,info@mariechen-springe.de
Marlene,,,Hannover,,info@marlene-hannover.de
MokkaBär,,,Braunschweig,,ollokow1887@gmail.com
Nexus,,,Braunschweig,,veranstaltungen@dasnexus.de
Schabreu,,,Braunschweig,,https://schabreu.de/bewerbungsseite-fuer-bands-und-musiker/
Strangriede Stage,,,Hannover,,info@strangriedestage.de
Region Ruhrpott,,,,,
Alter Schlachthof,,,Soest,,info@schlachthof-soest.de
Black Box,,,Münster,,cuba@muenster.de
Cafe Stilbruch,,,Gladbeck,,edyta-baniewicz@gmx.de
Cafe Zweistein,,,Wuppertal,,info@zweistein-wuppertal.de
Corner Inn,,,Hamm,,corner-inn-hamm@web.de
Wohnzimmer GE,,,Gelsenkirchen,,booking@wohnzimmer-ge.de
Dexter Island,,,Duisburg,,info@dexter-island.de
Die Trompete,,,Bochum,,info@die-trompete.de
Druckluft,,,Oberhausen,,sprycha@drucklufthaus.de
Flottmann Kneipe,,,Herne,,info@flottmannkneipe.de
Grammatikoff,,,Duisburg,,buero@grammatikoff.com
Hot Jazz Club,,,Münster,,https://www.hotjazzclub.de/kontakt/booking/
Jazz Club Krefeld,,,Krefeld,,info@jazzklub-krefeld.de
Jugend Zentrum KARO,,,Wesel,,jz-karo@gmx.de
La Cave,,,Ratingen,,#ERROR!
Lumberjacks Diner,,,Selm,,events@lumberjacks-diner.de
Raumfahrtzentrum Saarner Kuppe,,,Mühlheim,,dietmar@raumfahrtzentrumsaarnerkuppe.de
Raumschiff Ruhr,,,Essen,,info@raumschiff.ruhr
Gdanska,,,Oberhausen,,info@gdanska.de
Rick's Cafe,,,Duisburg,,appenzeller-duisburg@t-online.de
Rockkneipe Tröte,,,Meschede,,troete82@web.de
Schnabulenz,,,Münster,,info@schnabulenz.de
Spatz und Wal,,,Unna,,info@spatz-und-wal.de
Hafenschänke,,,Dortmund,,info@hafenschaenke.de
Südrock,,,Essen,,info@suedrock.de
Viertelbar,,,Wuppertal,,info@viertel-bar.de
,,,,,
woanders,,,Menden,,booking@wo-anders.nrw
Zeche Carl,,,Essen,,info@zechecarl.de
Zikis Kneipe,,,Hamm,,zikiskneipe@web.de
Zum Anker,,,Duisburg,,flaschenpost@anker-ruhrort.de
Region Bremen,,,,,
Alte Post,,,Sandhatten,,info@altepost-sandhatten.de
Arberger Hof,,,Bremen,,info@arberger-hof.de
Bei Beppo,,,Oldenburg,,info@beibeppo.net
Bergwerk,,,Quelkhorn,,info@bergwerk-quelkhorn.de
Bistro Journal,,,Schwanewede,,info@journal-schwanewede.de
De Fiets,,,Bremerhaven,,cafedefiets4@gmail.com
Dingsteder Krug,,,Hatten,,info@dingsteder-krug.de
Gewölbe Vegesack,,,Bremen,,info@gewoelbe-vegesack.de
Harrier Hof,,,Brake,,info@harrierhof.de
Heldenbar,,,Bremen,,heldenbar.bremen@gmail.com
Horizont,,,Bremen,,info@horizont-bremen.de
Klimperkasten,,,Stelle,,klimperkasten-stelle@web.de
Konzertdiele Moorhausen,,,Elsfleth,,charlie.koopmann@t-online.de
Kuddels Musikkneipe,,,Bremerhaven,,kuddels-musikkneipe@gmx.de
,,,,,
Lila Eule,,,Bremen,,info@lilaeule.de
,,,,,
Nunatak,,,Bremen,,nunatak@quartier-bremen.de
,,,,,
Shakespeares Theater Pub,,,Weyhe,,info@weyhertheater.de
Tivoli Pub,,,Bremerhaven,,pfefferkornbremerhaven@gmail.com
Villa Sponte,,,Bremen,,info@villa-sponte.de
Zur scharfen Ecke,,,Sande,,mozartsande@yahoo.de
Region Frankfurt,,,,,
Backstage,,,Fulda,,https://backstage-fulda.weebly.com/kontakt.html
,,,,,
Bistro Cozy,,,Weilburg,,email@bistro-cozy.de
Der Weinländer,,,Wiesbaden,,frank.pauli@der-weinlaender.de
Erbse Dillenburg,,,Dillenburg,,info@erbse-dillenburg.de
Feinstaub,,,Frankfurt,,kontakt@dasfeinstaub.de
Garniers Keller,,,Friedrichsdorf,,garnierskeller@gmx.de
Hafen 2,,,Offenbach,,kontakt@hafen2.net
Hanau A Gogo,,,Hanau,,info@hanauagogo.de
,,,,,
Mosaik Jazzbar,,,Frankfurt,,tbennour@gmx.de
Musikpub Schlitz,,,Schlitz,,info@musikpub-schlitz.de
Wiener Hof,,,Offenbach,,https://www.wiener-hof.de/kontakt.php?sID=5
Wunderbar Weite Welt,,,Eppstein,,mail@wunderbar-weitewelt.de
Region Stuttgart,,,,,
a.l.s.o. kulturcafe,,,Schwäbisch Gmünd,,kulturcafe@alsogmuend.de
Alte Seegrassspinnerei,,,Nürtingen,,verein@tvfk.de
Anker,,,Filderstadt,,info@anker-bernhausen.de
Bistro Domizil,,,Leonberg,,marie.mattner@bistro-domizil.de
Cafe de Ville,,,Schorndorf,,mail@cafedeville.de
Cafe Galao,,,Stuttgart,,booking@galao-stuttgart.de
Cafe Haag,,,Tübingen,,mittwochsbuehne@gmail.com
Cafe Nepomuk,,,Reutlingen,,cultureclub@cafe-nepomuk.de
Club Bambule,,,Göppingen,,gernot.zoeller@cvjm-gp.de
,,,,,
Club Voltaire,,,Tübingen,,buero@club-voltaire.net
Danziger Stüble,,,Stuttgart,,
Krone Alt Hoheneck,,,Ludwigsburg,,info@kultur-althoheneck.de
Die Halle,,,Reichenbach/Fils,,florian.pfirrmann@diehalle.de
Die Luke,,,Ludwigsburg,,booking@die-luke.info
,,,,,
Gasthaus Lamm,,,Starzach,,kontakt@lamm.com.de
K3,,,Villingen-Schwenningen,,booking.k3@villingen-schwenningen.de
,,,,,
Power Tower,,,Böblingen,,info@power-tower-boeblingen.de
Provisorium,,,Nürtingen,,booking@provisorium-nt.de
Republik Rockbar,,,Leonberg,,info@republik-rockbar.de
Ribingurumu,,,Stuttgart,,office@ribingurumu.tv
Ritterstueble,,,Stuttgart,,musik@ritterstueble.de
Uhlenspiegel,,,Rutesheim,,info@uhlenspiegel.de
Region Köln/Bonn,,,,,
Bistro Weyers,,,Refrath,,manuela@weyers-gl.de
Cafe Helmholtz,,,Köln,,post@cafe-helmholtz.de
Conrads Couch,,,Bergisch Gladbach,,conrads-couch@netcologne.de
Die Wohngemeinschaft,,,Köln,,https://www.die-wohngemeinschaft.net/en/booking/
Eifeler Musikcafe,,,Dahlem,,info@eifelermusikcafe.de
,,,,,
Essigfabrik,,,Köln,,info@essig-fabrik.de
Rhythm & Shake,,,Köln,,rhythmandshake@gmail.com
Flora 6,,,Köln,,0221 / 346 636 22
Folk Club Bonn,,,Bonn,,folkclubbonn@googlemail.com
Franz,,,Aachen,,info@aachen-franz.de
Heimathirsch,,,Köln,,heimathirsch@netcologne.de
Hinterhofsalon,,,Köln,,info@hinterhofsalon.de
Jugendkulturcafe Franzmann,,,Düsseldorf,,tim.olbrich@kja.de
KOMM,,,Düren,,info@komm-dueren.de
kostbar,,,Düsseldorf,,info@kostbar-düsseldorf.de
Kulturausbesserungswerk,,,Leverkusen,,musik@kulturausbesserungswerk.de
Kulturcafe Lichtung,,,Köln,,kulturcafelichtung@googlemail.com
Kultus,,,Grevenbroich,,stefan.wehlings@kja.de
Löf Eventlokal,,,Remscheid,,kontakt@loef-remscheid.de
Mausefalle,,,Bonn,,georg@mausefalle-bonn.de
Max & Moritz,,,Neuss,,tom74tom@gmail.com
Panoptikum,,,Lüdenscheid,,https://www.facebook.com/pg/panoptikumistmusik/about/?ref=page_internal
Rio,,,Eschweiler,,kontakt@rio-eschweiler.de
Rockin Roosters Club,,,Haan,,https://rockinroosterclub.de/?page_id=3472
Saxobar,,,Remscheid,,hallo@saxobar.de
Swane Cafe,,,Wuppertal,,info@swane-fairecycledesign.com
Toms Musikkeller,,,Enkirch,,tom@t-o-m-s.de
Zone Blues Bar,,,Bonn,,zony@gmx.de
Zuhause,,,Aachen,,https://zuhause-aachen.de/livemusik/bandanfragen
Zur alten Post,,,Wegberg,,freddys-post@gmx.de
,,,,,
Statt Cafe,,,Kiel,,mail@statt-cafe-kiel.de
Kulturforum,,,Kiel,,veranstaltungen@kiel.de
latest pop,,,Bremen,,latestpopconcerts@gmail.com
Haus am Walde,,,Bremen,,info@hausamwalde-bremen.de
Litfass,,,Bremen,,litfass.veranstaltungen@gmail.com
Papp,,,Bremen,,tinte@kulturkraken.de
Kleine Bühne,,,Wetzlar,,
Kulturhof,,,Flensburg,,hallo@kulturhof-flensburg.de
Plan B,,,Heide,,planb-heide@outlook.de
Kulturwerkstatt Kühlhaus,,,Flensburg,,info@kuehlhaus.net
Funambules,,,Lübeck,,info@funambules.de
Lütt Matten,,,Garding,,moin@luettmatten-garding.de
Düne,,,Geesthacht,,kontakt@duene-geesthacht.de
Mones Lime Mountain Saloon,,,Segeberg,,info@mones-segeberg.de
Bunker Ulmenwall,,,Bielefeld,,info@bunker-ulmenwall.de
,,,,,
Garage,,,Peine,,garage.peine@web.de
Shorty Media,,,Braunschweig,,shortyradioemergency@gmail.com
Backpacker's Inn,,,Einbeck,,info@backpackersinn.de
Black Sheep Pub,,,Paderborn,,info@blacksheep-pub.de
Cafe Nun,,,Karlsruhe,,
Shock Records,,,Osnabrück,,musik@shock-records.de
3er Krug,,,Detmold,,dreierkrug@web.de
Kulturbahnhof,,,Uslar,,info@kulturbahnhof-uslar.de
Falkendom,,,Bielefeld,,booking@falkendom.de
Kulturfabrik Löseke,,,Hildesheim,,swehner@kufa.info
Aladin Music Hall,,,Bremen,,info@aladin-bremen.de
Irish Pub,,,Sylt,,#ERROR!
360 Grad Bar,,,Fehmarn,,info@360gradbar.de
Mauclub,,,Rostock,,booking@mauclub.de
Peter Weiss Haus,,,Rostock,,booking@peterweisshaus.de
Studentenkeller,,,Rostock,,vorsitzender@studentenkeller.de
New Orleans,,,Wismar,,service@hotel-new-orleans.de
Dirty + Dancing,,,Osnabrück,,dirty.plus.dancing@gmail.com
Unikeller,,,Osnabrück,,booking@unikeller.de
Rosenhof,,,Osnabrück,,info@rosenhof-os.de
Hyde Park,,,Osnabrück,,info@hyde-park.de
Blue Note,,,Osnabrück,,christian.sassnick@cinema-arthouse.de
Zauber von Os,,,Osnabrück,,kontakt@zauber-os.de
Kieler Schaubude,,,Kiel,,booking@gokielyourself.de
Prinz Willy,,,Kiel,,info@prinzwilly.de
Schnoory's Tavern,,,Kiel,,schnoori-b@web.de
Konzertmuschel Laboe,,,Laboe,,buergermeister@laboe.de
Volksbad Flensburg,,,Flensburg,,volksbad.flensburg@t-online.de
Klähblatt Pub,,,Flensburg,,info@klähblatt.de
,,,,,
C.ulturgut,,,Flensburg,,kontakt@culturgut.eu
Iismeer,,,Sylt,,info@iismeer.de
Chaosbar,,,Sylt,,info@chaosbar-sylt.de
Strandbar Strukkamp,,,Fehmarn,,ole.neumann93@googlemail.com
Buddelbar,,,Timmendorfer Strand,,roehrl@buddel.bar
Studentenclub Block 17,,,Wismar,,mail@block17.de
Bunker,,,Rostock,,kombinatsleitung@bunker-rostock.de.
Cafe Rostock,,,Rostock,,booking@cafe-rostock.de
Nordlicht,,,Rostock,,kontakt@nordlicht-rostock.de
Ursprung,,,Rostock,,astrid.hanisch@ursprung-rostock.de
UmBauBar,,,Oldenburg,,booking@umbaubar.net
Die Flänzburch,,,Oldenburg,,info@die-flaenzburch.de
MTS Records,,,Oldenburg,,#ERROR!
Alluvium,,,Oldenburg,,alluvium@gmx.de
,,,,,
,,,,,
Singers & Players,,,Oldenburg,,info@singersplayersclub.de
Muddy,,,Vegesack,,info@muddy.de
werk3,,,Schwerin,,amadeus@klangwert.com
The Scotsman Pub,,,Schwerin,,#ERROR!
Cafe Klatsch,,,Lüneburg,,mail@cafe-klatsch.org
Salon Hansen,,,Lüneburg,,booking@salonhansen.com
Kulturforum,,,Lüneburg,,kufo@kulturforum-lueneburg.de
Jekyll & Hyde,,,Lüneburg,,contact@jekyll-hyde-lueneburg.de
Kniestedter Kirche,,,Salzgitter,,info@kniki.de
Rockcafe Salzgitter,,,Salzgitter,,info@rockcafe-salzgitter.de
KuBa,,,Wolfenbüttel,,info@kuba-halle.de
Harz Mountains Ranch,,,Harz,,
E-Werk,,,Blankenburg (Harz),,info@ewerk-blankenburg.de
Wipertihof,,,Quedlinburg,,info@wipertihof.de
Factory,,,Magdeburg,,info@factory-magdeburg.de
Bluenote,,,Magdeburg,,info@bluenote-md.de
Moritzhof,,,Magdeburg,,info@moritzhof-magdeburg.de
Kulturscheune,,,Olvenstedt,,kulturscheune@olvenstedt.de
Mückenwirt,,,Magdeburg,,info@mueckenwirt.de
Kulturzentrum Feuerwache,,,Magdeburg,,mail@feuerwachemd.de
Büdchen am Westerberg,,,Osnabrück,,info@buedchen-os.de
Chicago Bistro,,,Kassel,,#ERROR!
Kulturfabrik Salzmann,,,Kassel,,info@kulturfabrik-kassel.de
Alt Berliner Destille,,,Kassel,,info@altberlinerdestille.de
The Shamrock,,,Kassel,,info@irishpubkassel.com
Shelter Sounds,,,Kassel,,landeck@die-posaune.de
Chacal Kassel,,,Kassel,,chacalkassel@gmail.com
Hot Legs,,,Kassel,,info@hot-legs-kassel.de
Alles ist gut,,,Paderborn,,info@allesistgut-pb.de.
AKKA,,,Paderborn,,info@akka-paderborn.de
,,,,,
Kulturbar Lenz,,,Paderborn,,lenz-booking@gmx.de
The Auld Triangle,,,Paderborn,,the-auld-triangle@paderborn.com
Zeitgeist,,,Paderborn,,kontakt@zeitgeist-paderborn.de
Lötlampe,,,Paderborn,,b_wuebbeke@web.de
Nummer zu Platz,,,Bielefeld,,kontakt@nrzp.de
Potemkin Bar,,,Bielefeld,,?
Max Raebel,,,Bielefeld,,Kontakt@MaxRaebel.de
Zweischlingen,,,Bielefeld,,kontakt@zweischlingen-gastro.de
Spökes,,,Bielefeld,,thomasscheffler@online.de
Strandbar Santa Maria,,,Bielefeld,,musik@strandbar-santamaria.de
Nordpol,,,Bielefeld,,eleniz@web.de
Faces Lounge & Bar,,,Bielefeld,,faces.bielefeld@legere-hotels-online.com
Roadhouse,,,Rheda-Wiedenbrück,,info@roadhouse-germany.de
Die Weberei,,,Gütersloh,,info@die-weberei.de
Greens Pub,,,Gütersloh,,info@greens-pub.de
,,,,,
Bar ONE,,,Warendorf,,baronewarendorf@web.de
Cafe Pension Schmidt,,,Münster,,niklas@pensionschmidt.se
Gorilla Bar,,,Münster,,booking@gorilla-bar.de
Jovel Music hall,,,Münster,,info@jovel.de
Plan B,,,Münster,,swilk611@gmail.com
Beatclub Greven,,,Greven,,fw.lanwer@gmx.de
Skaters Palace,,,Münster,,info@skaters-palace.de
,,,,,
Gleis22,,,Münster,,frank@gleis22.de
Cafe a Go Go,,,Düsseldorf,,kallen-gogo@gmx.de
Atelier Bar,,,Münster,,info@atelier-bar.de
Schwarzes Schaf,,,Münster,,info@schaf.ms
Herr Sonnenschein,,,Münster,,#ERROR!
Lieschen Müller,,,Münster,,lieschenmuenster@gmail.com
SpecOps Network,,,Münster,,info@spec-ops.de
,,,,,
Sportsbar Triangel,,,Ibbenbüren,,sportsbartriangel@gmx.de
yessss.music,,,Rheine,,yessss.music@gmx.de
Landhaus Rickermann,,,Reckenfeld,,landhaus-rickermann@t-online.de
Art Rock Cafe,,,Gronau,,?
Kock's Wirtshaus,,,Gronau,,info@kocks-wirtshaus.de
Deck 2,,,Buxtehude,,Info@malerschule-deck2.de
Namenlos,,,Bonn,,info@nmnls.de
Tsunami,,,Köln,,booking@tsunami-club.de
Rote Lola,,,Münster,,booking@rotelola.de
Hardy's,,,Hamm,,info@hardys-hamm.de
Crocodile,,,Hagen,,magnus.peters@crocodile-hagen.de
Enge Weste,,,Hagen,,carell.r@gmx.de
das Allegro,,,Dortmund,,info@das-allegro-dortmund.de
Queue,,,Dortmund,,info@cabaret-queue.de
Grusy Wohnzimmer,,,Emden,,Webformular
Cafe Einstein,,,Emden,,events@einstein-emden.de .
Janjas Musikbar,,,Cuxhaven,,(04721) 59 87 66
Captain Ahab's Gastronomie,,,Cuxhaven,,info@ahabs-gastro.com
Slattery's Irish Pub,,,Delmenhorst,,info@slatterys-irish-pub.de
Fiddler's Green,,,Stade,,kirschequell@aol.com
Apropos,,,Stade,,service@apropos-stade.de
Broderick,,,Elmshorn,,info@broderick-elmshorn.de
Liederbuch,,,Zwickau,,booking@liederbuch-zwickau.de
Club Seilerstrasse,,,Zwickau,,info@club-seilerstrasse.de
Atomino,,,Chemnitz,,club@atomino-chemnitz.de
Gambrinus,,,Klingenthal,,info@gambrinus-klingenthal.de
"Gasthof ""Zum Löwen""",,,Ebersbrunn,,
Kuhstall Tanna,,,Tanna,,
"Gasthof ""Grüner Baum""",,,Glauchau,,astglauchau@gmx.de
Alte Spinnerei,,,Glauchau,,info@altespinnerei.de
Anger,,,Neuwürschnitz,,post@anger-neuwuerschnitz.de
Wotufa-Saal,,,Neustadt/Orla,,wotufa@aol.com
Allee-Stübchen,,,Wuppertal,,info@allee-stuebchen.de
Bluesiana,,,Velden (AT),,music@bluesiana.net
Blue Garage,,,Frauental (AT),,bluegarage@aon.at
,,,,,
Knust,,,Hamburg,,info@knusthamburg.de
